,Episode Number,First Activation Time [s],First Event Time [s],First Event Amplitude[A]
0,0,0.015900,0.015750,-0.000000000000590
1,1,0.015000,0.014925,-0.000000000000590
2,2,0.015450,0.015500,-0.000000000002420
3,3,0.014550,0.014425,-0.000000000000590
4,4,0.015025,0.014900,-0.000000000000590
5,5,0.014150,0.014225,-0.000000000001820
6,6,0.014925,0.014850,-0.000000000000590
7,7,0.014975,0.014900,-0.000000000000590
8,8,0.014475,0.014375,-0.000000000000590
9,9,0.015025,0.014975,-0.000000000001220
10,10,0.016175,0.016125,-0.000000000001220
11,11,0.014275,0.014225,-0.000000000001220
12,12,0.014500,0.014725,-0.000000000002420
13,13,0.014150,0.014000,-0.000000000000590
14,14,0.014525,0.014475,-0.000000000000590
15,15,0.014425,0.014600,-0.000000000002420
16,16,0.015125,0.015325,-0.000000000002420
17,17,0.015175,0.015100,-0.000000000000590
18,18,0.014375,0.014300,-0.000000000000590
19,19,0.014600,0.014550,-0.000000000001220
20,20,0.014950,0.014875,-0.000000000000590
21,21,0.014700,0.014900,-0.000000000001820
22,22,0.015325,0.015275,-0.000000000000590
23,23,0.015450,0.015325,-0.000000000000590
24,24,0.014225,0.014125,-0.000000000000590
25,25,0.014375,0.014450,-0.000000000001220
26,26,0.015425,0.015600,-0.000000000002420
27,27,0.014675,0.014350,-0.000000000000590
28,28,0.014550,0.014375,-0.000000000000590
29,29,0.014450,0.014525,-0.000000000001820
30,30,0.011675,0.011625,-0.000000000000590
31,31,0.014400,0.014350,-0.000000000001220
32,32,0.015475,0.015675,-0.000000000002420
33,33,0.014425,0.014375,-0.000000000000590
34,34,0.014275,0.014575,-0.000000000002420
35,35,0.014550,0.014525,-0.000000000001220
36,36,0.014775,0.014650,-0.000000000000590
37,37,0.013875,0.013775,-0.000000000000590
38,38,0.014525,0.014475,-0.000000000001220
39,39,0.010250,0.010150,-0.000000000000590
40,40,0.014800,0.014775,-0.000000000001220
41,41,0.010775,0.010725,-0.000000000000590
42,42,0.010000,0.009975,-0.000000000000590
43,43,0.014325,0.014250,-0.000000000000590
44,44,0.015000,0.014950,-0.000000000001220
45,45,0.014625,0.014600,-0.000000000001220
46,46,0.015350,0.015200,-0.000000000000590
47,47,0.014300,0.014500,-0.000000000001820
48,48,0.010050,0.009950,-0.000000000000590
49,49,0.014400,0.014575,-0.000000000001820
50,50,0.017400,0.017450,-0.000000000001820
51,51,0.014850,0.014825,-0.000000000001220
52,52,0.014625,0.014750,-0.000000000002420
53,53,0.015025,0.014975,-0.000000000001220
54,54,0.015125,0.015275,-0.000000000002420
55,55,0.014125,0.014075,-0.000000000000590
56,56,0.014125,0.014025,-0.000000000000590
57,57,0.014350,0.014425,-0.000000000001220
58,58,0.014675,0.014575,-0.000000000000590
59,59,0.014475,0.014425,-0.000000000001220
60,60,0.014225,0.014200,-0.000000000001220
61,61,0.014325,0.014375,-0.000000000001820
62,62,0.014675,0.014875,-0.000000000001820
63,63,0.014575,0.014825,-0.000000000002420
64,64,0.014450,0.014375,-0.000000000000590
65,65,0.014350,0.014300,-0.000000000001220
66,66,0.014625,0.014475,-0.000000000000590
67,67,0.014625,0.014750,-0.000000000002420
68,68,0.014900,0.014850,-0.000000000000590
69,69,0.016900,0.016850,-0.000000000001220
70,70,0.015175,0.015100,-0.000000000000590
71,71,0.014775,0.014650,-0.000000000000590
72,72,0.017625,0.017550,-0.000000000000590
73,73,0.017950,0.017825,-0.000000000000590
74,74,0.020900,0.020825,-0.000000000000590
75,75,0.015450,0.015300,-0.000000000000590
76,76,0.018225,0.018125,-0.000000000000590
77,77,0.015275,0.015350,-0.000000000001220
78,78,0.014500,0.014450,-0.000000000000590
79,79,0.018825,0.018750,-0.000000000000590
80,80,0.015475,0.015100,-0.000000000000590
81,81,0.014275,0.014200,-0.000000000000590
82,82,0.017050,0.016950,-0.000000000000590
83,83,0.018050,0.017700,-0.000000000000590
84,84,0.014850,0.014625,-0.000000000000590
85,85,0.019725,0.019275,-0.000000000000590
86,86,0.014225,0.014175,-0.000000000000590
87,87,0.039875,0.039950,-0.000000000001820
88,88,0.014025,0.014100,-0.000000000001220
89,89,0.015150,0.014925,-0.000000000000590
90,90,0.014700,0.014250,-0.000000000000590
91,91,0.015100,0.014975,-0.000000000000590
92,92,0.014600,0.014475,-0.000000000000590
93,93,0.014350,0.014275,-0.000000000000590
94,94,0.018500,0.018575,-0.000000000001820
95,95,0.015175,0.015125,-0.000000000001220
96,96,0.014175,0.014075,-0.000000000000590
97,97,0.017425,0.017325,-0.000000000000590
98,98,0.014025,0.013900,-0.000000000000590
99,99,0.015800,0.015650,-0.000000000000590
100,100,0.016350,0.016250,-0.000000000000590
101,101,0.016500,0.016375,-0.000000000000590
102,102,0.017050,0.016975,-0.000000000000590
103,103,0.015875,0.015800,-0.000000000000590
104,104,0.015450,0.015350,-0.000000000000590
105,105,0.016075,0.015950,-0.000000000000590
106,106,0.015950,0.015850,-0.000000000000590
107,107,0.013475,0.013375,-0.000000000000590
108,108,0.014125,0.014050,-0.000000000000590
109,109,0.025575,0.025550,-0.000000000001220
110,110,0.014925,0.014825,-0.000000000000590
111,111,0.015575,0.015500,-0.000000000000590
112,112,0.015150,0.015075,-0.000000000001220
113,113,0.014225,0.014300,-0.000000000001220
114,114,0.014525,0.014325,-0.000000000000590
115,115,0.016050,0.015950,-0.000000000000590
116,116,0.017425,0.017625,-0.000000000001820
117,117,0.015500,0.015425,-0.000000000000590
118,118,0.014525,0.014600,-0.000000000001220
119,119,0.014575,0.014450,-0.000000000000590
120,120,0.015550,0.015475,-0.000000000000590
121,121,0.019075,0.018925,-0.000000000000590
122,122,0.019825,0.019725,-0.000000000000590
123,123,0.015050,0.014975,-0.000000000000590
124,124,0.014300,0.014250,-0.000000000001220
125,125,0.016925,0.016800,-0.000000000000590
126,126,0.013975,0.014050,-0.000000000001820
127,127,0.014375,0.014300,-0.000000000000590
128,128,0.014925,0.014475,-0.000000000000590
129,129,0.019025,0.018775,-0.000000000000590
130,130,0.018350,0.018250,-0.000000000000590
131,131,0.016750,0.016625,-0.000000000000590
132,132,0.018675,0.018550,-0.000000000000590
133,133,0.014525,0.014450,-0.000000000000590
134,134,0.015350,0.015275,-0.000000000000590
135,135,0.014800,0.014875,-0.000000000001820
136,136,0.015200,0.015125,-0.000000000000590
137,137,0.020175,0.020250,-0.000000000001220
138,138,0.014850,0.014800,-0.000000000001220
139,139,0.013975,0.013925,-0.000000000001220
140,140,0.015575,0.015625,-0.000000000001820
141,141,0.014425,0.014325,-0.000000000000590
142,142,0.014625,0.014550,-0.000000000000590
143,143,0.016075,0.016025,-0.000000000001220
144,144,0.014400,0.014300,-0.000000000000590
145,145,0.018025,0.017900,-0.000000000000590
146,146,0.016200,0.016275,-0.000000000001220
147,147,0.017900,0.017775,-0.000000000000590
148,148,0.015775,0.015650,-0.000000000000590
149,149,0.014000,0.013950,-0.000000000001220
150,150,0.017950,0.017850,-0.000000000000590
151,151,0.014400,0.014300,-0.000000000000590
152,152,0.025875,0.025950,-0.000000000001220
153,153,0.015275,0.015350,-0.000000000001220
154,154,0.027475,0.027425,-0.000000000000590
155,155,0.016075,0.015950,-0.000000000000590
156,156,0.014500,0.014425,-0.000000000000590
157,157,0.015475,0.015650,-0.000000000001820
158,158,0.015750,0.015650,-0.000000000000590
159,159,0.015200,0.015125,-0.000000000000590
160,160,0.014375,0.014325,-0.000000000000590
161,161,0.016225,0.016175,-0.000000000001220
162,162,0.014100,0.014000,-0.000000000000590
163,163,0.014575,0.014475,-0.000000000000590
164,164,0.014475,0.014550,-0.000000000001220
165,165,0.022325,0.022275,-0.000000000000590
166,166,0.015475,0.015425,-0.000000000001220
167,167,0.016250,0.016200,-0.000000000000590
168,168,0.014675,0.014575,-0.000000000000590
169,169,0.014125,0.014050,-0.000000000000590
170,170,0.014150,0.014075,-0.000000000000590
171,171,0.022825,0.022750,-0.000000000000590
172,172,0.017500,0.017450,-0.000000000000590
173,173,0.024575,0.024475,-0.000000000000590
174,174,0.015575,0.015450,-0.000000000000590
175,175,0.017075,0.017150,-0.000000000001820
176,176,0.021950,0.022000,-0.000000000001820
177,177,0.015350,0.015300,-0.000000000000590
178,178,0.019925,0.019875,-0.000000000001220
179,179,0.017400,0.017100,-0.000000000000590
180,180,0.014775,0.014700,-0.000000000000590
181,181,0.015800,0.015650,-0.000000000000590
182,182,0.023550,0.023500,-0.000000000000590
183,183,0.016275,0.016225,-0.000000000000590
184,184,0.014950,0.014825,-0.000000000000590
185,185,0.017775,0.017725,-0.000000000000590
186,186,0.014875,0.014775,-0.000000000000590
187,187,0.014425,0.014350,-0.000000000000590
188,188,0.015000,0.014925,-0.000000000000590
189,189,0.016050,0.015800,-0.000000000000590
190,190,0.014675,0.014550,-0.000000000000590
191,191,0.015075,0.015150,-0.000000000001220
192,192,0.014750,0.014700,-0.000000000000590
193,193,0.014800,0.014725,-0.000000000000590
194,194,0.014825,0.014750,-0.000000000000590
195,195,0.014825,0.014775,-0.000000000000590
196,196,0.013900,0.013825,-0.000000000000590
197,197,0.014650,0.014575,-0.000000000000590
198,198,0.014825,0.014725,-0.000000000000590
199,199,0.016400,0.016275,-0.000000000000590
200,200,0.016000,0.015300,-0.000000000000590
201,201,0.014375,0.014225,-0.000000000000590
202,202,0.016875,0.016650,-0.000000000000590
203,203,0.015375,0.015275,-0.000000000000590
204,204,0.021000,0.021075,-0.000000000001820
205,205,0.020075,0.020000,-0.000000000000590
206,206,0.052050,0.051875,-0.000000000000590
207,207,0.014300,0.014375,-0.000000000001820
208,208,0.017800,0.017700,-0.000000000000590
209,209,0.014900,0.014350,-0.000000000000590
210,210,0.018650,0.018050,-0.000000000000590
211,211,0.016575,0.016200,-0.000000000000590
212,212,0.022725,0.022650,-0.000000000000590
213,213,0.015275,0.015150,-0.000000000000590
214,214,0.017325,0.017250,-0.000000000000590
215,215,0.015425,0.015500,-0.000000000001820
216,216,0.014600,0.014525,-0.000000000000590
217,217,0.014300,0.014250,-0.000000000000590
218,218,0.014125,0.014025,-0.000000000000590
219,219,0.014000,0.013800,-0.000000000000590
220,220,0.014375,0.014300,-0.000000000000590
221,221,0.014800,0.014675,-0.000000000000590
222,222,0.014350,0.014300,-0.000000000001220
223,223,0.015075,0.014925,-0.000000000000590
224,224,0.014850,0.014625,-0.000000000000590
225,225,0.016725,0.016425,-0.000000000000590
226,226,0.015800,0.015700,-0.000000000000590
227,227,0.017125,0.017050,-0.000000000000590
228,228,0.015100,0.015050,-0.000000000000590
229,229,0.014150,0.014225,-0.000000000001220
230,230,0.015125,0.015050,-0.000000000000590
231,231,0.016925,0.016625,-0.000000000000590
232,232,0.014900,0.014775,-0.000000000000590
233,233,0.014750,0.014700,-0.000000000000590
234,234,0.019050,0.019100,-0.000000000001820
235,235,0.014175,0.014075,-0.000000000000590
236,236,0.016425,0.016325,-0.000000000000590
237,237,0.014225,0.014100,-0.000000000000590
238,238,0.015025,0.014925,-0.000000000000590
239,239,0.016750,0.016700,-0.000000000001220
240,240,0.014225,0.014150,-0.000000000000590
241,241,0.013950,0.013875,-0.000000000000590
242,242,0.014450,0.014300,-0.000000000000590
243,243,0.014325,0.014400,-0.000000000001820
244,244,0.014950,0.014800,-0.000000000000590
245,245,0.014550,0.014275,-0.000000000000590
246,246,0.015750,0.015650,-0.000000000000590
247,247,0.018600,0.018550,-0.000000000000590
248,248,0.014075,0.014025,-0.000000000001220
249,249,0.014200,0.014150,-0.000000000000590
250,250,0.015850,0.015775,-0.000000000000590
251,251,0.015675,0.015575,-0.000000000000590
252,252,0.015400,0.015325,-0.000000000000590
253,253,0.014775,0.014650,-0.000000000000590
254,254,0.015625,0.015450,-0.000000000000590
255,255,0.014500,0.014425,-0.000000000000590
256,256,0.014250,0.014200,-0.000000000000590
257,257,0.017050,0.017000,-0.000000000000590
258,258,0.014425,0.014300,-0.000000000000590
259,259,0.016500,0.016450,-0.000000000000590
260,260,0.017650,0.017725,-0.000000000001220
261,261,0.014025,0.013900,-0.000000000000590
262,262,0.014825,0.014625,-0.000000000000590
263,263,0.014375,0.014300,-0.000000000000590
264,264,0.015525,0.015375,-0.000000000000590
265,265,0.014350,0.014250,-0.000000000000590
266,266,0.014300,0.014225,-0.000000000000590
267,267,0.020650,0.020550,-0.000000000000590
268,268,0.015200,0.015150,-0.000000000001220
269,269,0.015200,0.015075,-0.000000000000590
270,270,0.017425,0.017325,-0.000000000000590
271,271,0.014100,0.014025,-0.000000000000590
272,272,0.015600,0.015425,-0.000000000000590
273,273,0.022000,0.021925,-0.000000000000590
274,274,0.015275,0.015100,-0.000000000000590
275,275,0.014650,0.014575,-0.000000000000590
276,276,0.014125,0.014025,-0.000000000000590
277,277,0.017125,0.017050,-0.000000000000590
278,278,0.015675,0.015475,-0.000000000000590
279,279,0.019175,0.018875,-0.000000000000590
280,280,0.019600,0.019550,-0.000000000001220
281,281,0.014075,0.014000,-0.000000000000590
282,282,0.016375,0.016300,-0.000000000000590
283,283,0.017375,0.017450,-0.000000000001820
284,284,0.014950,0.014825,-0.000000000000590
285,285,0.014450,0.014525,-0.000000000001220
286,286,0.014600,0.014675,-0.000000000001820
287,287,0.016875,0.016950,-0.000000000001220
288,288,0.014650,0.014575,-0.000000000000590
289,289,0.018700,0.018625,-0.000000000000590
290,290,0.019475,0.019400,-0.000000000000590
291,291,0.022075,0.021925,-0.000000000000590
292,292,0.014675,0.014525,-0.000000000000590
293,293,0.015025,0.014925,-0.000000000000590
294,294,0.015350,0.015275,-0.000000000000590
295,295,0.014775,0.014300,-0.000000000000590
296,296,0.015575,0.015500,-0.000000000000590
297,297,0.014375,0.014275,-0.000000000000590
298,298,0.018175,0.018100,-0.000000000000590
299,299,0.020300,0.020200,-0.000000000000590
300,300,0.015325,0.015250,-0.000000000000590
301,301,0.014075,0.014000,-0.000000000000590
302,302,0.015325,0.015250,-0.000000000000590
303,303,0.014625,0.014150,-0.000000000000590
304,304,0.015125,0.015050,-0.000000000000590
305,305,0.015250,0.015325,-0.000000000001820
306,306,0.015775,0.015625,-0.000000000000590
307,307,0.017700,0.017600,-0.000000000000590
308,308,0.014600,0.014500,-0.000000000000590
309,309,0.015675,0.015550,-0.000000000000590
310,310,0.014650,0.014550,-0.000000000000590
311,311,0.016050,0.015950,-0.000000000000590
312,312,0.017300,0.017375,-0.000000000001820
313,313,0.029500,0.029400,-0.000000000000590
314,314,0.027425,0.027375,-0.000000000001220
315,315,0.021350,0.021250,-0.000000000000590
316,316,0.016975,0.016900,-0.000000000000590
317,317,0.018925,0.018850,-0.000000000000590
318,318,0.015625,0.015475,-0.000000000000590
319,319,0.019150,0.019050,-0.000000000000590
320,320,0.018225,0.018175,-0.000000000000590
321,321,0.016225,0.016175,-0.000000000001220
322,322,0.015850,0.015775,-0.000000000000590
323,323,0.015125,0.015050,-0.000000000000590
324,324,0.016475,0.016400,-0.000000000000590
325,325,0.015425,0.015350,-0.000000000000590
326,326,0.014250,0.014200,-0.000000000000590
327,327,0.016500,0.016425,-0.000000000000590
328,328,0.024725,0.024600,-0.000000000000590
329,329,0.016825,0.016775,-0.000000000001220
330,330,0.014700,0.014600,-0.000000000000590
331,331,0.015825,0.015975,-0.000000000001820
332,332,0.014825,0.014725,-0.000000000000590
333,333,0.014600,0.014775,-0.000000000001820
334,334,0.015375,0.015225,-0.000000000000590
335,335,0.021500,0.021425,-0.000000000000590
336,336,0.015975,0.015825,-0.000000000000590
337,337,0.014100,0.014050,-0.000000000001220
338,338,0.016400,0.016275,-0.000000000000590
339,339,0.015075,0.014750,-0.000000000000590
340,340,0.014675,0.014750,-0.000000000001820
341,341,0.015200,0.015100,-0.000000000000590
342,342,0.014400,0.014275,-0.000000000000590
343,343,0.014625,0.014575,-0.000000000001220
344,344,0.018675,0.018275,-0.000000000000590
345,345,0.015475,0.015550,-0.000000000001820
346,346,0.014625,0.014550,-0.000000000000590
347,347,0.020050,0.019925,-0.000000000000590
348,348,0.014550,0.014625,-0.000000000001820
349,349,0.016325,0.016175,-0.000000000000590
350,350,0.014300,0.014125,-0.000000000000590
351,351,0.014550,0.014450,-0.000000000000590
352,352,0.019800,0.019875,-0.000000000001220
353,353,0.027025,0.026850,-0.000000000000590
354,354,0.014375,0.014475,-0.000000000001220
355,355,0.015400,0.015300,-0.000000000000590
356,356,0.014500,0.014425,-0.000000000000590
357,357,0.010000,0.014975,-0.000000000000590
358,358,0.014475,0.014375,-0.000000000000590
359,359,0.015025,0.014900,-0.000000000000590
360,360,0.015100,0.014925,-0.000000000000590
361,361,0.022025,0.021875,-0.000000000000590
362,362,0.017750,0.017675,-0.000000000000590
363,363,0.015325,0.015025,-0.000000000000590
364,364,0.022425,0.022325,-0.000000000000590
365,365,0.018550,0.018050,-0.000000000000590
366,366,0.022475,0.022325,-0.000000000000590
367,367,0.015700,0.015575,-0.000000000000590
368,368,0.015150,0.015025,-0.000000000000590
369,369,0.015125,0.015200,-0.000000000001220
370,370,0.031850,0.031700,-0.000000000000590
371,371,0.038050,0.037950,-0.000000000000590
372,372,0.016750,0.016325,-0.000000000000590
373,373,0.015075,0.014975,-0.000000000000590
374,374,0.016100,0.015675,-0.000000000000590
375,375,0.018225,0.018300,-0.000000000001220
376,376,0.018375,0.018125,-0.000000000000590
377,377,0.014925,0.014850,-0.000000000000590
378,378,0.025525,0.025425,-0.000000000000590
379,379,0.015000,0.014275,-0.000000000000590
380,380,0.014825,0.014900,-0.000000000001220
381,381,0.016050,0.015950,-0.000000000000590
382,382,0.014350,0.014250,-0.000000000000590
383,383,0.014750,0.014600,-0.000000000000590
384,384,0.023750,0.023675,-0.000000000000590
385,385,0.017825,0.017475,-0.000000000000590
386,386,0.030075,0.029900,-0.000000000000590
387,387,0.023350,0.023275,-0.000000000000590
388,388,0.019075,0.018800,-0.000000000000590
389,389,0.020375,0.020300,-0.000000000000590
390,390,0.014400,0.014250,-0.000000000000590
391,391,0.018500,0.018400,-0.000000000000590
392,392,0.014300,0.014025,-0.000000000000590
393,393,0.015650,0.015500,-0.000000000000590
394,394,0.022450,0.022350,-0.000000000000590
395,395,0.017650,0.017600,-0.000000000000590
396,396,0.015550,0.015475,-0.000000000000590
397,397,0.015725,0.015450,-0.000000000000590
398,398,0.022225,0.022175,-0.000000000001220
399,399,0.016975,0.016925,-0.000000000000590
400,400,0.015475,0.015400,-0.000000000000590
401,401,0.017275,0.016800,-0.000000000000590
402,402,0.027575,0.027250,-0.000000000000590
403,403,0.014625,0.014500,-0.000000000000590
404,404,0.015425,0.015325,-0.000000000000590
405,405,0.014675,0.014750,-0.000000000001220
406,406,0.015850,0.015725,-0.000000000000590
407,407,0.014925,0.014800,-0.000000000000590
408,408,0.017525,0.017450,-0.000000000000590
409,409,0.015750,0.015525,-0.000000000000590
410,410,0.015350,0.015250,-0.000000000000590
411,411,0.015100,0.015050,-0.000000000000590
412,412,0.014675,0.014425,-0.000000000000590
413,413,0.015875,0.015750,-0.000000000000590
414,414,0.017600,0.017350,-0.000000000000590
415,415,0.015150,0.014750,-0.000000000000590
416,416,0.016100,0.015725,-0.000000000000590
417,417,0.028100,0.027950,-0.000000000000590
418,418,0.015700,0.015575,-0.000000000000590
419,419,0.015400,0.015300,-0.000000000000590
420,420,0.018325,0.018300,-0.000000000001220
421,421,0.018875,0.018800,-0.000000000000590
422,422,0.014600,0.014550,-0.000000000001220
423,423,0.014450,0.014375,-0.000000000000590
424,424,0.014200,0.014150,-0.000000000000590
425,425,0.018575,0.018500,-0.000000000000590
426,426,0.014350,0.014325,-0.000000000001220
427,427,0.020475,0.020375,-0.000000000000590
428,428,0.017025,0.016900,-0.000000000000590
429,429,0.020750,0.020625,-0.000000000000590
430,430,0.015800,0.015700,-0.000000000000590
431,431,0.015225,0.014775,-0.000000000000590
432,432,0.015500,0.015450,-0.000000000000590
433,433,0.015400,0.015275,-0.000000000000590
434,434,0.014600,0.014550,-0.000000000000590
435,435,0.014575,0.014425,-0.000000000000590
436,436,0.014175,0.014075,-0.000000000000590
437,437,0.014775,0.014525,-0.000000000000590
438,438,0.016850,0.016800,-0.000000000001220
439,439,0.017350,0.017275,-0.000000000000590
440,440,0.033400,0.033325,-0.000000000000590
441,441,0.014675,0.014625,-0.000000000000590
442,442,0.023300,0.023375,-0.000000000001220
443,443,0.014775,0.014525,-0.000000000000590
444,444,0.016825,0.016700,-0.000000000000590
445,445,0.016050,0.015375,-0.000000000000590
446,446,0.027100,0.026975,-0.000000000000590
447,447,0.016800,0.016725,-0.000000000000590
448,448,0.046350,0.046275,-0.000000000000590
449,449,0.014950,0.014875,-0.000000000000590
450,450,0.019750,0.019700,-0.000000000000590
451,451,0.031275,0.031475,-0.000000000001820
452,452,0.015000,0.014825,-0.000000000000590
453,453,0.017025,0.016975,-0.000000000000590
454,454,0.014225,0.014150,-0.000000000000590
455,455,0.014100,0.013875,-0.000000000000590
456,456,0.014200,0.014075,-0.000000000000590
457,457,0.017075,0.017025,-0.000000000001220
458,458,0.016350,0.016275,-0.000000000000590
459,459,0.014050,0.014200,-0.000000000001820
460,460,0.015675,0.015600,-0.000000000000590
461,461,0.015850,0.015775,-0.000000000000590
462,462,0.019150,0.019125,-0.000000000001220
463,463,0.014400,0.014300,-0.000000000000590
464,464,0.015325,0.015425,-0.000000000001220
465,465,0.015350,0.015425,-0.000000000001220
466,466,0.015175,0.015075,-0.000000000000590
467,467,0.015525,0.015475,-0.000000000000590
468,468,0.014275,0.014200,-0.000000000000590
469,469,0.018500,0.018300,-0.000000000000590
470,470,0.017900,0.017850,-0.000000000001220
471,471,0.016400,0.016300,-0.000000000000590
472,472,0.014200,0.014125,-0.000000000000590
473,473,0.017450,0.017250,-0.000000000000590
474,474,0.016350,0.016250,-0.000000000000590
475,475,0.015600,0.015325,-0.000000000000590
476,476,0.015925,0.015875,-0.000000000000590
477,477,0.014725,0.014600,-0.000000000000590
478,478,0.015900,0.015975,-0.000000000001220
479,479,0.014425,0.014325,-0.000000000000590
480,480,0.018725,0.018800,-0.000000000001820
481,481,0.015025,0.015100,-0.000000000001820
482,482,0.017325,0.017250,-0.000000000000590
483,483,0.018900,0.018275,-0.000000000000590
484,484,0.014250,0.014175,-0.000000000000590
485,485,0.014325,0.014400,-0.000000000001220
486,486,0.019125,0.019050,-0.000000000000590
487,487,0.026175,0.026050,-0.000000000000590
488,488,0.014425,0.014350,-0.000000000000590
489,489,0.031850,0.031800,-0.000000000001220
490,490,0.020150,0.019925,-0.000000000000590
491,491,0.015025,0.014975,-0.000000000001220
492,492,0.014425,0.014500,-0.000000000001220
493,493,0.014575,0.014500,-0.000000000000590
494,494,0.014075,0.014000,-0.000000000000590
495,495,0.016900,0.016825,-0.000000000000590
496,496,0.014575,0.014525,-0.000000000000590
497,497,0.017025,0.016825,-0.000000000000590
498,498,0.015425,0.015275,-0.000000000000590
499,499,0.015075,0.015000,-0.000000000000590
500,500,0.014400,0.014175,-0.000000000000590
501,501,0.015850,0.015925,-0.000000000001220
502,502,0.015500,0.015425,-0.000000000000590
503,503,0.014600,0.014275,-0.000000000000590
504,504,0.015825,0.015675,-0.000000000000590
505,505,0.014150,0.014050,-0.000000000000590
506,506,0.014875,0.014775,-0.000000000000590
507,507,0.014575,0.014175,-0.000000000000590
508,508,0.015400,0.015375,-0.000000000001220
509,509,0.017675,0.017600,-0.000000000000590
510,510,0.014450,0.014375,-0.000000000000590
511,511,0.015625,0.015575,-0.000000000000590
512,512,0.015525,0.015450,-0.000000000000590
513,513,0.021725,0.021650,-0.000000000000590
514,514,0.015825,0.015725,-0.000000000000590
515,515,0.014775,0.014700,-0.000000000000590
516,516,0.015175,0.015025,-0.000000000000590
517,517,0.021450,0.021400,-0.000000000000590
518,518,0.021475,0.021375,-0.000000000000590
519,519,0.053350,0.053275,-0.000000000000590
520,520,0.014450,0.014375,-0.000000000000590
521,521,0.017775,0.017300,-0.000000000000590
522,522,0.017850,0.017925,-0.000000000001220
523,523,0.017400,0.017300,-0.000000000000590
524,524,0.018475,0.018225,-0.000000000000590
525,525,0.019975,0.019850,-0.000000000000590
526,526,0.041825,0.041600,-0.000000000000590
527,527,0.055925,0.055825,-0.000000000000590
528,528,0.016400,0.016275,-0.000000000000590
529,529,0.023425,0.023250,-0.000000000000590
530,530,0.014200,0.014125,-0.000000000000590
531,531,0.014900,0.014525,-0.000000000000590
532,532,0.014100,0.013975,-0.000000000000590
533,533,0.049950,0.049725,-0.000000000000590
534,534,0.016250,0.016175,-0.000000000000590
535,535,0.015225,0.015100,-0.000000000000590
536,536,0.014325,0.014075,-0.000000000000590
537,537,0.014525,0.014450,-0.000000000000590
538,538,0.017450,0.017375,-0.000000000000590
539,539,0.015225,0.015100,-0.000000000000590
540,540,0.019950,0.019575,-0.000000000000590
541,541,0.016425,0.016325,-0.000000000000590
542,542,0.019725,0.019650,-0.000000000000590
543,543,0.023425,0.023100,-0.000000000000590
544,544,0.016750,0.016650,-0.000000000000590
545,545,0.014150,0.014025,-0.000000000000590
546,546,0.010000,0.054525,-0.000000000000590
547,547,0.010000,0.018375,-0.000000000000590
548,548,0.020725,0.020625,-0.000000000000590
549,549,0.033025,0.032925,-0.000000000000590
550,550,0.026950,0.026875,-0.000000000000590
551,551,0.014150,0.014050,-0.000000000000590
552,552,0.014375,0.014300,-0.000000000000590
553,553,0.016025,0.015950,-0.000000000000590
554,554,0.014650,0.014450,-0.000000000000590
555,555,0.018150,0.018100,-0.000000000000590
556,556,0.019900,0.019850,-0.000000000000590
557,557,0.018350,0.018275,-0.000000000000590
558,558,0.016100,0.016175,-0.000000000001820
559,559,0.020625,0.020525,-0.000000000000590
560,560,0.029550,0.029450,-0.000000000000590
561,561,0.026675,0.026600,-0.000000000000590
562,562,0.016750,0.016675,-0.000000000000590
563,563,0.014725,0.014600,-0.000000000000590
564,564,0.021125,0.021050,-0.000000000000590
565,565,0.015400,0.015350,-0.000000000000590
566,566,0.014125,0.014025,-0.000000000000590
567,567,0.018025,0.017850,-0.000000000000590
568,568,0.020475,0.020425,-0.000000000000590
569,569,0.024750,0.024825,-0.000000000001220
570,570,0.014150,0.013975,-0.000000000000590
571,571,0.016100,0.016050,-0.000000000000590
572,572,0.027175,0.027100,-0.000000000000590
573,573,0.014425,0.014375,-0.000000000001220
574,574,0.017350,0.017275,-0.000000000000590
575,575,0.020100,0.019525,-0.000000000000590
576,576,0.021275,0.021200,-0.000000000000590
577,577,0.017300,0.017150,-0.000000000000590
578,578,0.015650,0.015600,-0.000000000000590
579,579,0.019500,0.019575,-0.000000000001820
580,580,0.018375,0.018325,-0.000000000001220
581,581,0.015100,0.015050,-0.000000000000590
582,582,0.015625,0.015700,-0.000000000001820
583,583,0.016875,0.016725,-0.000000000000590
584,584,0.016925,0.016850,-0.000000000000590
585,585,0.016275,0.016200,-0.000000000000590
586,586,0.023125,0.023300,-0.000000000002420
587,587,0.037550,0.037725,-0.000000000001820
588,588,0.014650,0.014600,-0.000000000000590
589,589,0.016900,0.016775,-0.000000000000590
590,590,0.014875,0.014425,-0.000000000000590
591,591,0.017925,0.017825,-0.000000000000590
592,592,0.027700,0.027325,-0.000000000000590
593,593,0.047900,0.047775,-0.000000000000590
594,594,0.017475,0.017275,-0.000000000000590
595,595,0.029900,0.029350,-0.000000000000590
596,596,0.015500,0.015375,-0.000000000000590
597,597,0.014400,0.014300,-0.000000000000590
598,598,0.014825,0.014725,-0.000000000000590
599,599,0.014450,0.014350,-0.000000000000590
600,600,0.015775,0.015675,-0.000000000000590
601,601,0.014425,0.014350,-0.000000000000590
602,602,0.017850,0.017725,-0.000000000000590
603,603,0.015575,0.015450,-0.000000000000590
604,604,0.021950,0.021525,-0.000000000000590
605,605,0.016250,0.016175,-0.000000000000590
606,606,0.033875,0.033800,-0.000000000000590
607,607,0.029225,0.029025,-0.000000000000590
608,608,0.016700,0.016625,-0.000000000000590
609,609,0.028600,0.028475,-0.000000000000590
610,610,0.035375,0.035250,-0.000000000000590
611,611,0.018550,0.018325,-0.000000000000590
612,612,0.010000,0.013800,-0.000000000000590
613,613,0.010000,0.014325,-0.000000000000590
614,614,0.020025,0.019950,-0.000000000000590
615,615,0.016075,0.015900,-0.000000000000590
616,616,0.054750,0.054625,-0.000000000000590
617,617,0.019025,0.018750,-0.000000000000590
618,618,0.016825,0.016475,-0.000000000000590
619,619,0.014975,0.014850,-0.000000000000590
620,620,0.014900,0.014775,-0.000000000000590
621,621,0.014725,0.014625,-0.000000000000590
622,622,0.020300,0.020200,-0.000000000000590
623,623,0.020600,0.020425,-0.000000000000590
624,624,0.018850,0.018600,-0.000000000000590
625,625,0.016350,0.016175,-0.000000000000590
626,626,0.016400,0.016050,-0.000000000000590
627,627,0.015200,0.015075,-0.000000000000590
628,628,0.021400,0.021300,-0.000000000000590
629,629,0.017775,0.017625,-0.000000000000590
630,630,0.020050,0.020000,-0.000000000000590
631,631,0.015300,0.015200,-0.000000000000590
632,632,0.034850,0.034750,-0.000000000000590
633,633,0.018825,0.018700,-0.000000000000590
634,634,0.014650,0.014450,-0.000000000000590
635,635,0.017750,0.017150,-0.000000000000590
636,636,0.015325,0.015175,-0.000000000000590
637,637,0.024800,0.024650,-0.000000000000590
638,638,0.036800,0.036650,-0.000000000000590
639,639,0.027625,0.027500,-0.000000000000590
640,640,0.015075,0.015025,-0.000000000000590
641,641,0.014925,0.014850,-0.000000000000590
642,642,0.014325,0.014100,-0.000000000000590
643,643,0.016825,0.016775,-0.000000000000590
644,644,0.030325,0.030225,-0.000000000000590
645,645,0.014950,0.014875,-0.000000000000590
646,646,0.014600,0.014500,-0.000000000000590
647,647,0.014425,0.014325,-0.000000000000590
648,648,0.015275,0.015200,-0.000000000000590
649,649,0.015225,0.015150,-0.000000000000590
650,650,0.014650,0.014575,-0.000000000000590
651,651,0.014675,0.014175,-0.000000000000590
652,652,0.014200,0.014025,-0.000000000000590
653,653,0.026750,0.026675,-0.000000000000590
654,654,0.015125,0.015000,-0.000000000000590
655,655,0.023450,0.023375,-0.000000000000590
656,656,0.018100,0.018000,-0.000000000000590
657,657,0.014450,0.014375,-0.000000000000590
658,658,0.025575,0.025450,-0.000000000000590
659,659,0.014500,0.014450,-0.000000000000590
660,660,0.019575,0.019525,-0.000000000000590
661,661,0.016125,0.015675,-0.000000000000590
662,662,0.023000,0.022900,-0.000000000000590
663,663,0.015800,0.015675,-0.000000000000590
664,664,0.016700,0.016625,-0.000000000000590
665,665,0.025275,0.025150,-0.000000000000590
666,666,0.029325,0.029400,-0.000000000001220
667,667,0.014275,0.014150,-0.000000000000590
668,668,0.015600,0.015500,-0.000000000000590
669,669,0.014375,0.014275,-0.000000000000590
670,670,0.010000,0.028450,-0.000000000000590
671,671,0.014425,0.014325,-0.000000000000590
672,672,0.051550,0.051425,-0.000000000000590
673,673,0.024950,0.024850,-0.000000000000590
674,674,0.015225,0.015025,-0.000000000000590
675,675,0.015050,0.014975,-0.000000000000590
676,676,0.044850,0.044775,-0.000000000000590
677,677,0.018850,0.018775,-0.000000000000590
678,678,0.032400,0.032225,-0.000000000000590
679,679,0.021175,0.021075,-0.000000000000590
680,680,0.042475,0.042325,-0.000000000000590
681,681,0.014325,0.014275,-0.000000000000590
682,682,0.020200,0.020075,-0.000000000000590
683,683,0.015650,0.015575,-0.000000000000590
684,684,0.014225,0.014125,-0.000000000000590
685,685,0.055550,0.055425,-0.000000000000590
686,686,0.029850,0.029750,-0.000000000000590
687,687,0.017775,0.017725,-0.000000000000590
688,688,0.017850,0.017750,-0.000000000000590
689,689,0.043500,0.043375,-0.000000000000590
690,690,0.014575,0.014200,-0.000000000000590
691,691,0.010000,0.019525,-0.000000000000590
692,692,0.017125,0.017050,-0.000000000000590
693,693,0.039975,0.039850,-0.000000000000590
694,694,0.026725,0.026600,-0.000000000000590
695,695,0.045750,0.045600,-0.000000000000590
696,696,0.021200,0.021125,-0.000000000000590
697,697,0.014300,0.014225,-0.000000000000590
698,698,0.019375,0.019300,-0.000000000000590
699,699,0.014775,0.014675,-0.000000000000590
700,700,0.019200,0.019075,-0.000000000000590
701,701,0.017550,0.017275,-0.000000000000590
702,702,0.051600,0.051475,-0.000000000000590
703,703,0.017200,0.017125,-0.000000000000590
704,704,0.014525,0.014450,-0.000000000000590
705,705,0.014450,0.014050,-0.000000000000590
706,706,0.014400,0.014325,-0.000000000000590
707,707,0.016025,0.016075,-0.000000000001220
708,708,0.015900,0.015700,-0.000000000000590
709,709,0.037775,0.037700,-0.000000000000590
710,710,0.014900,0.014800,-0.000000000000590
711,711,0.014875,0.014800,-0.000000000000590
712,712,0.019350,0.019300,-0.000000000000590
713,713,0.014200,0.014075,-0.000000000000590
714,714,0.014650,0.014225,-0.000000000000590
715,715,0.015575,0.015475,-0.000000000000590
716,716,0.018200,0.017975,-0.000000000000590
717,717,0.021075,0.021000,-0.000000000000590
718,718,0.016125,0.016050,-0.000000000000590
719,719,0.015125,0.015075,-0.000000000000590
720,720,0.015425,0.015350,-0.000000000000590
721,721,0.014725,0.014575,-0.000000000000590
722,722,0.010000,0.019550,-0.000000000000590
723,723,0.036275,0.036175,-0.000000000000590
724,724,0.032700,0.032600,-0.000000000000590
725,725,0.015225,0.015150,-0.000000000000590
726,726,0.014825,0.014725,-0.000000000000590
727,727,0.046700,0.046600,-0.000000000000590
728,728,0.014075,0.014000,-0.000000000000590
729,729,0.033025,0.032950,-0.000000000000590
730,730,0.036800,0.036600,-0.000000000000590
731,731,0.020875,0.020700,-0.000000000000590
732,732,0.017350,0.017275,-0.000000000000590
733,733,0.017200,0.017125,-0.000000000000590
734,734,0.016275,0.016225,-0.000000000000590
735,735,0.014650,0.014400,-0.000000000000590
736,736,0.015325,0.015000,-0.000000000000590
737,737,0.016950,0.016825,-0.000000000000590
738,738,0.018425,0.017750,-0.000000000000590
739,739,0.015550,0.015450,-0.000000000000590
740,740,0.015450,0.015400,-0.000000000001220
741,741,0.017575,0.017450,-0.000000000000590
742,742,0.019275,0.019200,-0.000000000000590
743,743,0.014800,0.014750,-0.000000000000590
744,744,0.026900,0.026750,-0.000000000000590
745,745,0.023575,0.023425,-0.000000000000590
746,746,0.014325,0.014275,-0.000000000001220
747,747,0.020650,0.020575,-0.000000000000590
748,748,0.015675,0.015600,-0.000000000000590
749,749,0.016175,0.016100,-0.000000000000590
750,750,0.016800,0.016675,-0.000000000000590
751,751,0.016550,0.016400,-0.000000000000590
752,752,0.016900,0.016825,-0.000000000000590
753,753,0.015725,0.015600,-0.000000000000590
754,754,0.015750,0.015700,-0.000000000001220
755,755,0.017150,0.016650,-0.000000000000590
756,756,0.015300,0.015225,-0.000000000000590
757,757,0.014175,0.014425,-0.000000000002420
758,758,0.020375,0.020275,-0.000000000000590
759,759,0.015225,0.015150,-0.000000000000590
760,760,0.017225,0.017075,-0.000000000000590
761,761,0.016550,0.016500,-0.000000000000590
762,762,0.014975,0.014900,-0.000000000000590
763,763,0.029000,0.028900,-0.000000000000590
764,764,0.016800,0.016675,-0.000000000000590
765,765,0.032025,0.031950,-0.000000000000590
766,766,0.018625,0.018575,-0.000000000001220
767,767,0.014650,0.014475,-0.000000000000590
768,768,0.015025,0.014900,-0.000000000000590
769,769,0.017500,0.017400,-0.000000000000590
770,770,0.010000,0.023000,-0.000000000000590
771,771,0.015525,0.015600,-0.000000000001220
772,772,0.032650,0.032400,-0.000000000000590
773,773,0.026550,0.026475,-0.000000000000590
774,774,0.016800,0.016750,-0.000000000000590
775,775,0.014300,0.014475,-0.000000000001220
776,776,0.015700,0.015375,-0.000000000000590
777,777,0.014625,0.014525,-0.000000000000590
778,778,0.014300,0.014200,-0.000000000000590
779,779,0.019875,0.019775,-0.000000000000590
780,780,0.018350,0.018250,-0.000000000000590
781,781,0.019450,0.019375,-0.000000000000590
782,782,0.016025,0.015225,-0.000000000000590
783,783,0.018375,0.018250,-0.000000000000590
784,784,0.036675,0.036625,-0.000000000000590
785,785,0.015525,0.015425,-0.000000000000590
786,786,0.020425,0.020275,-0.000000000000590
787,787,0.063850,0.063750,-0.000000000000590
788,788,0.017150,0.017125,-0.000000000001220
789,789,0.018475,0.017775,-0.000000000000590
790,790,0.017325,0.017075,-0.000000000000590
791,792,0.016600,0.016475,-0.000000000000590
792,793,0.016700,0.016650,-0.000000000000590
793,794,0.017300,0.017225,-0.000000000000590
794,795,0.040000,0.039675,-0.000000000000590
795,796,0.018600,0.018550,-0.000000000000590
796,797,0.020125,0.020000,-0.000000000000590
797,798,0.014850,0.014750,-0.000000000000590
798,799,0.039600,0.039500,-0.000000000000590
799,800,0.019175,0.019025,-0.000000000000590
800,801,0.031850,0.031750,-0.000000000000590
801,802,0.016275,0.016200,-0.000000000000590
802,803,0.017800,0.017875,-0.000000000001220
803,804,0.015900,0.015775,-0.000000000000590
804,805,0.017675,0.017600,-0.000000000000590
805,806,0.016925,0.016800,-0.000000000000590
806,807,0.028600,0.028475,-0.000000000000590
807,808,0.015425,0.015350,-0.000000000000590
808,809,0.016425,0.016350,-0.000000000000590
809,810,0.018075,0.017975,-0.000000000000590
810,811,0.021350,0.021250,-0.000000000000590
811,812,0.014850,0.014375,-0.000000000000590
812,813,0.016450,0.016375,-0.000000000000590
813,814,0.014325,0.014175,-0.000000000000590
814,815,0.025700,0.025575,-0.000000000000590
815,816,0.014425,0.014275,-0.000000000000590
816,817,0.014225,0.014175,-0.000000000000590
817,818,0.016200,0.016100,-0.000000000000590
818,819,0.015525,0.015475,-0.000000000000590
819,820,0.016475,0.016375,-0.000000000000590
820,821,0.018050,0.017825,-0.000000000000590
821,822,0.015300,0.015125,-0.000000000000590
822,823,0.014375,0.014300,-0.000000000000590
823,824,0.045200,0.045125,-0.000000000000590
824,825,0.014400,0.014325,-0.000000000000590
825,826,0.017750,0.017400,-0.000000000000590
826,827,0.016725,0.016350,-0.000000000000590
827,828,0.022575,0.022475,-0.000000000000590
828,829,0.016100,0.016025,-0.000000000000590
829,830,0.016475,0.016125,-0.000000000000590
830,831,0.014975,0.014875,-0.000000000000590
831,832,0.014550,0.014500,-0.000000000001220
832,833,0.016350,0.015975,-0.000000000000590
833,834,0.026275,0.026200,-0.000000000000590
834,835,0.010000,0.014875,-0.000000000000590
835,836,0.014325,0.014275,-0.000000000001220
836,837,0.017300,0.017175,-0.000000000000590
837,838,0.022775,0.022700,-0.000000000000590
838,839,0.033625,0.033500,-0.000000000000590
839,840,0.014800,0.014725,-0.000000000000590
840,841,0.031450,0.031325,-0.000000000000590
841,842,0.014725,0.014425,-0.000000000000590
842,843,0.038675,0.038200,-0.000000000000590
843,844,0.014675,0.014400,-0.000000000000590
844,845,0.014400,0.014275,-0.000000000000590
845,846,0.015125,0.015050,-0.000000000000590
846,847,0.020725,0.020600,-0.000000000000590
847,848,0.014250,0.014175,-0.000000000000590
848,849,0.020950,0.020875,-0.000000000000590
849,850,0.016200,0.016125,-0.000000000000590
850,851,0.016975,0.016900,-0.000000000000590
851,852,0.015400,0.015325,-0.000000000000590
852,853,0.014225,0.014125,-0.000000000000590
853,854,0.015300,0.015250,-0.000000000000590
854,855,0.018025,0.017625,-0.000000000000590
855,856,0.017125,0.017025,-0.000000000000590
856,857,0.014850,0.014775,-0.000000000000590
857,858,0.015075,0.014650,-0.000000000000590
858,859,0.017250,0.017150,-0.000000000000590
859,860,0.015925,0.015800,-0.000000000000590
860,861,0.021700,0.021575,-0.000000000000590
861,862,0.014450,0.014300,-0.000000000000590
862,863,0.023550,0.023075,-0.000000000000590
863,864,0.022075,0.021925,-0.000000000000590
864,865,0.014100,0.014050,-0.000000000000590
865,866,0.014350,0.014300,-0.000000000000590
866,867,0.016300,0.015825,-0.000000000000590
867,868,0.019700,0.019500,-0.000000000000590
868,869,0.015400,0.014800,-0.000000000000590
869,870,0.014400,0.014275,-0.000000000000590
870,871,0.015400,0.015300,-0.000000000000590
871,872,0.015975,0.015850,-0.000000000000590
872,873,0.014625,0.014500,-0.000000000000590
873,874,0.016250,0.016125,-0.000000000000590
874,875,0.015175,0.015075,-0.000000000000590
875,876,0.014600,0.014425,-0.000000000000590
876,877,0.019950,0.019850,-0.000000000000590
877,878,0.037900,0.037825,-0.000000000000590
878,879,0.021575,0.021400,-0.000000000000590
879,880,0.015000,0.014825,-0.000000000000590
880,881,0.014400,0.014325,-0.000000000000590
881,882,0.014525,0.014400,-0.000000000000590
882,883,0.018175,0.018100,-0.000000000000590
883,884,0.016975,0.016900,-0.000000000000590
884,885,0.016475,0.016325,-0.000000000000590
885,886,0.017575,0.017050,-0.000000000000590
886,887,0.017275,0.017125,-0.000000000000590
887,888,0.017275,0.016825,-0.000000000000590
888,889,0.016725,0.016625,-0.000000000000590
889,890,0.017375,0.017275,-0.000000000000590
890,891,0.017400,0.017300,-0.000000000000590
891,892,0.015125,0.015025,-0.000000000000590
892,893,0.018750,0.018650,-0.000000000000590
893,894,0.032475,0.032425,-0.000000000000590
894,895,0.018325,0.018250,-0.000000000000590
895,896,0.014375,0.014275,-0.000000000000590
896,897,0.017750,0.017675,-0.000000000000590
897,898,0.015350,0.014975,-0.000000000000590
898,899,0.014325,0.014225,-0.000000000000590
899,900,0.025400,0.025325,-0.000000000000590
900,901,0.025050,0.024950,-0.000000000000590
901,902,0.026175,0.025700,-0.000000000000590
902,903,0.022500,0.022375,-0.000000000000590
903,904,0.023300,0.023175,-0.000000000000590
904,905,0.016450,0.016350,-0.000000000000590
905,906,0.016250,0.016175,-0.000000000000590
906,907,0.020925,0.020375,-0.000000000000590
907,908,0.019600,0.019375,-0.000000000000590
908,909,0.016775,0.015825,-0.000000000000590
909,910,0.015050,0.014925,-0.000000000000590
910,911,0.014450,0.014350,-0.000000000000590
911,912,0.015400,0.015325,-0.000000000000590
912,913,0.015150,0.015050,-0.000000000000590
913,914,0.020225,0.020100,-0.000000000000590
914,915,0.014025,0.013950,-0.000000000000590
915,916,0.014875,0.014750,-0.000000000000590
916,917,0.015975,0.015875,-0.000000000000590
917,918,0.019850,0.019450,-0.000000000000590
918,919,0.030275,0.030125,-0.000000000000590
919,920,0.014050,0.014000,-0.000000000000590
920,921,0.014350,0.014250,-0.000000000000590
921,922,0.014875,0.014550,-0.000000000000590
922,923,0.016400,0.016275,-0.000000000000590
923,924,0.014325,0.013825,-0.000000000000590
924,925,0.015475,0.015375,-0.000000000000590
925,926,0.014975,0.014875,-0.000000000000590
926,927,0.015450,0.015350,-0.000000000000590
927,928,0.019125,0.018525,-0.000000000000590
928,929,0.030125,0.030050,-0.000000000000590
929,930,0.016825,0.016750,-0.000000000000590
930,931,0.031525,0.031400,-0.000000000000590
931,932,0.014600,0.014525,-0.000000000000590
932,933,0.018425,0.018350,-0.000000000000590
933,934,0.016075,0.015900,-0.000000000000590
934,935,0.016500,0.016350,-0.000000000000590
935,936,0.028175,0.028075,-0.000000000000590
936,937,0.016675,0.016125,-0.000000000000590
937,938,0.017575,0.017450,-0.000000000000590
938,939,0.016125,0.016050,-0.000000000000590
939,940,0.014475,0.014400,-0.000000000000590
940,941,0.019325,0.019175,-0.000000000000590
941,942,0.015375,0.015250,-0.000000000000590
942,943,0.016225,0.016125,-0.000000000000590
943,944,0.018225,0.018175,-0.000000000000590
944,945,0.016975,0.016875,-0.000000000000590
945,946,0.014325,0.014075,-0.000000000000590
946,947,0.015075,0.015000,-0.000000000000590
947,948,0.017600,0.017250,-0.000000000000590
948,949,0.014125,0.014075,-0.000000000000590
949,950,0.014425,0.014325,-0.000000000000590
950,951,0.014925,0.014850,-0.000000000000590
951,952,0.015550,0.015400,-0.000000000000590
952,953,0.015525,0.015200,-0.000000000000590
953,954,0.017325,0.017250,-0.000000000000590
954,955,0.016750,0.016150,-0.000000000000590
955,956,0.017525,0.017375,-0.000000000000590
956,957,0.018625,0.018575,-0.000000000000590
957,958,0.014800,0.014350,-0.000000000000590
958,959,0.016100,0.016000,-0.000000000000590
959,960,0.016775,0.016650,-0.000000000000590
960,961,0.014275,0.014175,-0.000000000000590
961,962,0.017350,0.017225,-0.000000000000590
962,963,0.015225,0.015175,-0.000000000000590
963,964,0.026200,0.026125,-0.000000000000590
964,965,0.016750,0.016250,-0.000000000000590
965,966,0.021775,0.021675,-0.000000000000590
966,967,0.018475,0.018400,-0.000000000000590
967,968,0.014950,0.014875,-0.000000000000590
968,969,0.022175,0.022050,-0.000000000000590
969,970,0.017050,0.016900,-0.000000000000590
970,971,0.014625,0.014525,-0.000000000000590
971,972,0.022600,0.022500,-0.000000000000590
972,973,0.022300,0.022200,-0.000000000000590
973,974,0.015000,0.014900,-0.000000000000590
974,975,0.014700,0.014625,-0.000000000000590
975,976,0.061550,0.061400,-0.000000000000590
976,977,0.019075,0.018925,-0.000000000000590
977,978,0.027200,0.027050,-0.000000000000590
978,979,0.017625,0.017550,-0.000000000000590
979,980,0.014425,0.014250,-0.000000000000590
980,981,0.021700,0.021600,-0.000000000000590
981,982,0.021550,0.021475,-0.000000000000590
982,983,0.016800,0.016675,-0.000000000000590
983,984,0.038775,0.038675,-0.000000000000590
984,985,0.014300,0.014150,-0.000000000000590
985,986,0.048375,0.048250,-0.000000000000590
986,987,0.020275,0.020200,-0.000000000000590
987,988,0.016475,0.016350,-0.000000000000590
988,989,0.019175,0.019250,-0.000000000001220
989,990,0.020100,0.020000,-0.000000000000590
990,991,0.021875,0.021750,-0.000000000000590
991,992,0.014275,0.014200,-0.000000000000590
992,993,0.018400,0.018350,-0.000000000000590
993,994,0.054175,0.054075,-0.000000000000590
994,995,0.043700,0.043350,-0.000000000000590
995,996,0.015875,0.015775,-0.000000000000590
996,997,0.019275,0.019150,-0.000000000000590
997,998,0.028125,0.027975,-0.000000000000590
998,999,0.014450,0.014350,-0.000000000000590
999,1000,0.015500,0.015425,-0.000000000000590
1000,1001,0.031500,0.031450,-0.000000000000590
1001,1002,0.014075,0.014000,-0.000000000000590
1002,1003,0.015150,0.015075,-0.000000000000590
1003,1004,0.014450,0.014350,-0.000000000000590
1004,1005,0.020300,0.020100,-0.000000000000590
1005,1006,0.014950,0.014800,-0.000000000000590
1006,1007,0.023075,0.023000,-0.000000000000590
1007,1008,0.028550,0.028400,-0.000000000000590
1008,1009,0.014475,0.014400,-0.000000000000590
1009,1010,0.016550,0.016350,-0.000000000000590
1010,1011,0.018600,0.018375,-0.000000000000590
1011,1012,0.010000,0.019700,-0.000000000000590
1012,1013,0.017575,0.017475,-0.000000000000590
1013,1014,0.015550,0.015475,-0.000000000000590
1014,1015,0.043225,0.043125,-0.000000000000590
1015,1016,0.010000,0.013400,-0.000000000000590
1016,1017,0.027400,0.026975,-0.000000000000590
1017,1018,0.045150,0.045075,-0.000000000000590
1018,1019,0.026650,0.026575,-0.000000000000590
1019,1020,0.016925,0.016800,-0.000000000000590
1020,1021,0.025400,0.025125,-0.000000000000590
1021,1022,0.016425,0.016350,-0.000000000000590
1022,1023,0.028750,0.028625,-0.000000000000590
1023,1024,0.014525,0.014450,-0.000000000000590
1024,1025,0.027600,0.027375,-0.000000000000590
1025,1026,0.014475,0.014550,-0.000000000001220
1026,1027,0.016575,0.016325,-0.000000000000590
1027,1028,0.034325,0.033825,-0.000000000000590
1028,1029,0.030600,0.030525,-0.000000000000590
1029,1030,0.057050,0.056600,-0.000000000000590
1030,1031,0.019750,0.018875,-0.000000000000590
1031,1032,0.014875,0.014750,-0.000000000000590
1032,1033,0.025775,0.025625,-0.000000000000590
1033,1034,0.016750,0.016600,-0.000000000000590
1034,1035,0.034275,0.034175,-0.000000000000590
1035,1036,0.016975,0.016850,-0.000000000000590
1036,1037,0.062675,0.062550,-0.000000000000590
1037,1038,0.014525,0.014450,-0.000000000000590
1038,1039,0.029525,0.029050,-0.000000000000590
1039,1040,0.020650,0.020325,-0.000000000000590
1040,1041,0.021925,0.021800,-0.000000000000590
1041,1042,0.015175,0.015100,-0.000000000000590
1042,1043,0.015350,0.015250,-0.000000000000590
1043,1044,0.010000,0.013325,-0.000000000000590
1044,1045,0.048825,0.048700,-0.000000000000590
1045,1046,0.023300,0.023175,-0.000000000000590
1046,1047,0.020675,0.020575,-0.000000000000590
1047,1048,0.037400,0.037325,-0.000000000000590
1048,1049,0.015900,0.015750,-0.000000000000590
1049,1050,0.015325,0.015250,-0.000000000000590
1050,1051,0.017850,0.017675,-0.000000000000590
1051,1052,0.017000,0.016875,-0.000000000000590
1052,1053,0.017150,0.017075,-0.000000000000590
1053,1054,0.014475,0.014350,-0.000000000000590
1054,1055,0.030450,0.030275,-0.000000000000590
1055,1056,0.023600,0.023525,-0.000000000000590
1056,1057,0.016250,0.015900,-0.000000000000590
1057,1058,0.021325,0.021225,-0.000000000000590
1058,1059,0.019175,0.019100,-0.000000000000590
1059,1060,0.021700,0.021600,-0.000000000000590
1060,1061,0.029775,0.029375,-0.000000000000590
1061,1062,0.010000,0.015125,-0.000000000000590
1062,1063,0.014925,0.014800,-0.000000000000590
1063,1064,0.017425,0.017350,-0.000000000000590
1064,1065,0.022625,0.022500,-0.000000000000590
1065,1066,0.015675,0.014700,-0.000000000000590
1066,1067,0.022375,0.022250,-0.000000000000590
1067,1068,0.015425,0.015175,-0.000000000000590
1068,1069,0.034675,0.034600,-0.000000000000590
1069,1070,0.018400,0.018250,-0.000000000000590
1070,1071,0.018400,0.018050,-0.000000000000590
1071,1072,0.047650,0.046875,-0.000000000000590
1072,1073,0.018800,0.018750,-0.000000000000590
1073,1074,0.020375,0.020250,-0.000000000000590
1074,1075,0.020300,0.020225,-0.000000000000590
1075,1076,0.028025,0.027950,-0.000000000000590
1076,1077,0.015375,0.015200,-0.000000000000590
1077,1078,0.016175,0.016100,-0.000000000000590
1078,1079,0.024025,0.023225,-0.000000000000590
1079,1080,0.015125,0.014925,-0.000000000000590
1080,1081,0.017550,0.017325,-0.000000000000590
1081,1082,0.010000,0.053350,-0.000000000000590
1082,1083,0.019825,0.019350,-0.000000000000590
1083,1084,0.040925,0.040775,-0.000000000000590
1084,1085,0.021300,0.021250,-0.000000000001220
1085,1086,0.020650,0.020125,-0.000000000000590
1086,1087,0.023000,0.022900,-0.000000000000590
1087,1088,0.014875,0.014700,-0.000000000000590
1088,1089,0.020775,0.020650,-0.000000000000590
1089,1090,0.014250,0.014025,-0.000000000000590
1090,1091,0.018325,0.018150,-0.000000000000590
1091,1092,0.017500,0.017275,-0.000000000000590
1092,1093,0.015300,0.015200,-0.000000000000590
1093,1094,0.014825,0.014725,-0.000000000000590
1094,1095,0.017950,0.017800,-0.000000000000590
1095,1096,0.018275,0.018350,-0.000000000001220
1096,1097,0.016400,0.015850,-0.000000000000590
1097,1098,0.019700,0.019575,-0.000000000000590
1098,1099,0.015525,0.015350,-0.000000000000590
1099,1100,0.022725,0.022650,-0.000000000000590
1100,1101,0.014200,0.014050,-0.000000000000590
1101,1102,0.018050,0.017975,-0.000000000000590
1102,1103,0.014450,0.014400,-0.000000000000590
1103,1104,0.021975,0.021900,-0.000000000000590
1104,1105,0.018725,0.018550,-0.000000000000590
1105,1106,0.017050,0.016825,-0.000000000000590
1106,1107,0.030825,0.030700,-0.000000000000590
1107,1108,0.017975,0.017825,-0.000000000000590
1108,1109,0.039850,0.039750,-0.000000000000590
1109,1110,0.014625,0.014500,-0.000000000000590
1110,1111,0.017350,0.016925,-0.000000000000590
1111,1112,0.014825,0.014400,-0.000000000000590
1112,1113,0.014400,0.014325,-0.000000000000590
1113,1114,0.022225,0.022125,-0.000000000000590
1114,1115,0.019725,0.019575,-0.000000000000590
1115,1116,0.018400,0.018300,-0.000000000000590
1116,1117,0.015275,0.015125,-0.000000000000590
1117,1118,0.014575,0.014250,-0.000000000000590
1118,1119,0.017025,0.016775,-0.000000000000590
1119,1120,0.014550,0.014475,-0.000000000000590
1120,1121,0.020425,0.020300,-0.000000000000590
1121,1122,0.047625,0.047500,-0.000000000000590
1122,1123,0.015575,0.015500,-0.000000000000590
1123,1124,0.050950,0.050675,-0.000000000000590
1124,1125,0.017375,0.017275,-0.000000000000590
1125,1126,0.021025,0.020950,-0.000000000000590
1126,1127,0.025725,0.025550,-0.000000000000590
1127,1128,0.018775,0.018650,-0.000000000000590
1128,1129,0.016600,0.016525,-0.000000000000590
1129,1130,0.014825,0.014325,-0.000000000000590
1130,1131,0.014275,0.014175,-0.000000000000590
1131,1132,0.015900,0.015850,-0.000000000000590
1132,1133,0.014425,0.014350,-0.000000000000590
1133,1134,0.015575,0.015275,-0.000000000000590
1134,1135,0.026750,0.026650,-0.000000000000590
1135,1136,0.029175,0.029100,-0.000000000000590
1136,1137,0.016025,0.015975,-0.000000000000590
1137,1138,0.016700,0.016500,-0.000000000000590
1138,1139,0.037925,0.037675,-0.000000000000590
1139,1140,0.016800,0.016700,-0.000000000000590
1140,1141,0.014350,0.014250,-0.000000000000590
1141,1142,0.018100,0.018050,-0.000000000001220
1142,1143,0.017000,0.016900,-0.000000000000590
1143,1144,0.030225,0.030075,-0.000000000000590
1144,1145,0.017750,0.017675,-0.000000000000590
1145,1146,0.027775,0.027700,-0.000000000000590
1146,1147,0.021250,0.021175,-0.000000000000590
1147,1148,0.015600,0.015675,-0.000000000001220
1148,1149,0.015200,0.015250,-0.000000000001820
1149,1150,0.016175,0.016125,-0.000000000000590
1150,1151,0.014350,0.014125,-0.000000000000590
1151,1152,0.014725,0.014450,-0.000000000000590
1152,1153,0.034550,0.034475,-0.000000000000590
1153,1154,0.016500,0.016375,-0.000000000000590
1154,1155,0.010000,0.031650,-0.000000000000590
1155,1156,0.035725,0.035625,-0.000000000000590
1156,1157,0.018175,0.018025,-0.000000000000590
1157,1158,0.025350,0.025250,-0.000000000000590
1158,1159,0.018475,0.018325,-0.000000000000590
1159,1160,0.018325,0.018275,-0.000000000001220
1160,1161,0.026375,0.025250,-0.000000000000590
1161,1162,0.014375,0.014325,-0.000000000000590
1162,1163,0.018500,0.018425,-0.000000000000590
1163,1164,0.023275,0.023075,-0.000000000000590
1164,1165,0.019100,0.019000,-0.000000000000590
1165,1166,0.015075,0.014875,-0.000000000000590
1166,1167,0.037525,0.037450,-0.000000000000590
1167,1168,0.028425,0.028025,-0.000000000000590
1168,1169,0.023625,0.023200,-0.000000000000590
1169,1170,0.015550,0.015475,-0.000000000000590
1170,1171,0.017375,0.017275,-0.000000000000590
1171,1172,0.018850,0.018750,-0.000000000000590
1172,1173,0.020100,0.019975,-0.000000000000590
1173,1174,0.014350,0.014275,-0.000000000000590
1174,1175,0.017700,0.017625,-0.000000000000590
1175,1176,0.017900,0.017825,-0.000000000000590
1176,1177,0.027125,0.026900,-0.000000000000590
1177,1178,0.018000,0.017925,-0.000000000000590
1178,1179,0.019550,0.019475,-0.000000000000590
1179,1180,0.019300,0.019050,-0.000000000000590
1180,1181,0.027650,0.027525,-0.000000000000590
1181,1182,0.023100,0.022625,-0.000000000000590
1182,1183,0.017625,0.017525,-0.000000000000590
1183,1184,0.014425,0.014350,-0.000000000000590
1184,1185,0.014925,0.014825,-0.000000000000590
1185,1186,0.019750,0.019700,-0.000000000001220
1186,1187,0.028500,0.028425,-0.000000000000590
1187,1188,0.041650,0.041450,-0.000000000000590
1188,1189,0.035250,0.034550,-0.000000000000590
1189,1190,0.014925,0.014850,-0.000000000000590
1190,1191,0.015425,0.015325,-0.000000000000590
1191,1192,0.021500,0.021375,-0.000000000000590
1192,1193,0.025800,0.025500,-0.000000000000590
1193,1194,0.032775,0.032700,-0.000000000000590
1194,1195,0.015500,0.015375,-0.000000000000590
1195,1196,0.020500,0.020350,-0.000000000000590
1196,1197,0.045925,0.045825,-0.000000000000590
1197,1198,0.014975,0.014775,-0.000000000000590
1198,1199,0.023025,0.022875,-0.000000000000590
1199,1200,0.021425,0.021350,-0.000000000000590
1200,1201,0.017050,0.016950,-0.000000000000590
1201,1202,0.016350,0.016225,-0.000000000000590
1202,1203,0.015725,0.015650,-0.000000000000590
1203,1204,0.017925,0.017875,-0.000000000000590
1204,1205,0.014575,0.014525,-0.000000000001220
1205,1206,0.014400,0.014475,-0.000000000001820
1206,1207,0.014200,0.014000,-0.000000000000590
1207,1208,0.014650,0.014550,-0.000000000000590
1208,1209,0.016000,0.015850,-0.000000000000590
1209,1210,0.023550,0.023450,-0.000000000000590
1210,1211,0.015125,0.015025,-0.000000000000590
1211,1212,0.026550,0.026500,-0.000000000000590
1212,1213,0.022875,0.022800,-0.000000000000590
1213,1214,0.015025,0.014925,-0.000000000000590
1214,1215,0.020325,0.020250,-0.000000000000590
1215,1216,0.033825,0.033750,-0.000000000000590
1216,1217,0.026050,0.025975,-0.000000000000590
1217,1218,0.056250,0.055575,-0.000000000000590
1218,1219,0.010000,0.053400,-0.000000000000590
1219,1220,0.055525,0.055425,-0.000000000000590
1220,1221,0.010000,0.043300,-0.000000000000590
1221,1222,0.010000,0.030350,-0.000000000000590
1222,1223,0.010000,0.019925,-0.000000000000590
1223,1225,0.010000,0.030275,-0.000000000000590
1224,1226,0.010000,0.052925,-0.000000000000590
1225,1227,0.010000,0.012975,-0.000000000000590
1226,1228,0.010000,0.025575,-0.000000000000590
1227,1230,0.010000,0.044125,-0.000000000000590
1228,1232,0.010000,0.013150,-0.000000000000590
1229,1233,0.010000,0.014450,-0.000000000000590
1230,1234,0.010000,0.010225,-0.000000000000590
1231,1235,0.010000,0.013625,-0.000000000000590
1232,1236,0.010000,0.025125,-0.000000000000590
1233,1237,0.010000,0.013250,-0.000000000000590
1234,1238,0.010000,0.064925,-0.000000000000590
1235,1239,0.046400,0.046175,-0.000000000000590
1236,1240,0.010000,0.029725,-0.000000000000590
1237,1241,0.017600,0.017500,-0.000000000000590
1238,1242,0.034675,0.034350,-0.000000000000590
1239,1243,0.010000,0.025650,-0.000000000000590
1240,1244,0.018425,0.018225,-0.000000000000590
1241,1245,0.020350,0.020200,-0.000000000000590
1242,1246,0.010000,0.014475,-0.000000000000590
1243,1247,0.016500,0.016425,-0.000000000000590
1244,1248,0.018750,0.018575,-0.000000000000590
1245,1249,0.018075,0.017975,-0.000000000000590
1246,1250,0.026525,0.026300,-0.000000000000590
1247,1251,0.016475,0.015800,-0.000000000000590
1248,1252,0.015350,0.015100,-0.000000000000590
1249,1253,0.018425,0.018300,-0.000000000000590
1250,1254,0.043250,0.043125,-0.000000000000590
1251,1255,0.016275,0.015775,-0.000000000000590
1252,1256,0.017275,0.017075,-0.000000000000590
1253,1257,0.031225,0.031050,-0.000000000000590
1254,1258,0.016525,0.016425,-0.000000000000590
1255,1259,0.014650,0.014525,-0.000000000000590
1256,1260,0.029150,0.028350,-0.000000000000590
1257,1261,0.031450,0.031325,-0.000000000000590
1258,1262,0.015375,0.014450,-0.000000000000590
1259,1263,0.023725,0.023575,-0.000000000000590
1260,1264,0.034550,0.034400,-0.000000000000590
1261,1265,0.018425,0.018200,-0.000000000000590
1262,1266,0.024350,0.024225,-0.000000000000590
1263,1267,0.026025,0.025700,-0.000000000000590
1264,1268,0.021825,0.021775,-0.000000000000590
1265,1269,0.021050,0.020950,-0.000000000000590
1266,1270,0.022150,0.022050,-0.000000000000590
1267,1271,0.035175,0.035050,-0.000000000000590
1268,1272,0.020175,0.020075,-0.000000000000590
1269,1273,0.038625,0.038050,-0.000000000000590
1270,1274,0.015475,0.015375,-0.000000000000590
1271,1275,0.015850,0.015675,-0.000000000000590
1272,1276,0.033375,0.033225,-0.000000000000590
1273,1277,0.020425,0.020050,-0.000000000000590
1274,1278,0.019700,0.019625,-0.000000000000590
1275,1279,0.025650,0.025525,-0.000000000000590
1276,1280,0.014925,0.014650,-0.000000000000590
1277,1281,0.022800,0.022625,-0.000000000000590
1278,1282,0.014425,0.014175,-0.000000000000590
1279,1283,0.018875,0.018700,-0.000000000000590
1280,1284,0.010000,0.052675,-0.000000000000590
1281,1285,0.015025,0.014900,-0.000000000000590
1282,1286,0.039850,0.038600,-0.000000000000590
1283,1287,0.016275,0.016150,-0.000000000000590
1284,1288,0.036025,0.035900,-0.000000000000590
1285,1289,0.027250,0.027125,-0.000000000000590
1286,1290,0.018400,0.018250,-0.000000000000590
1287,1291,0.021800,0.021700,-0.000000000000590
1288,1292,0.050775,0.050625,-0.000000000000590
1289,1293,0.055500,0.055350,-0.000000000000590
1290,1294,0.020775,0.020700,-0.000000000000590
1291,1295,0.032275,0.031950,-0.000000000000590
1292,1296,0.022050,0.021925,-0.000000000000590
1293,1297,0.021500,0.021375,-0.000000000000590
1294,1298,0.017050,0.016750,-0.000000000000590
1295,1299,0.017125,0.017000,-0.000000000000590
1296,1300,0.015475,0.015350,-0.000000000000590
1297,1301,0.017500,0.017375,-0.000000000000590
1298,1302,0.015050,0.014800,-0.000000000000590
1299,1303,0.033975,0.033850,-0.000000000000590
1300,1304,0.010000,0.041050,-0.000000000000590
1301,1305,0.016500,0.016375,-0.000000000000590
1302,1306,0.026350,0.026200,-0.000000000000590
1303,1307,0.015225,0.015100,-0.000000000000590
1304,1308,0.026675,0.026500,-0.000000000000590
1305,1309,0.015150,0.015025,-0.000000000000590
1306,1310,0.019900,0.019775,-0.000000000000590
1307,1311,0.035600,0.035525,-0.000000000000590
1308,1312,0.035250,0.035075,-0.000000000000590
1309,1313,0.027775,0.027650,-0.000000000000590
1310,1314,0.042250,0.042150,-0.000000000000590
1311,1315,0.015200,0.015025,-0.000000000000590
1312,1316,0.015250,0.014925,-0.000000000000590
1313,1317,0.014650,0.014475,-0.000000000000590
1314,1318,0.027200,0.026950,-0.000000000000590
1315,1319,0.019775,0.019450,-0.000000000000590
1316,1320,0.018925,0.018650,-0.000000000000590
1317,1321,0.020250,0.020175,-0.000000000000590
1318,1322,0.031750,0.031675,-0.000000000000590
1319,1323,0.024500,0.024350,-0.000000000000590
1320,1324,0.028050,0.027350,-0.000000000000590
1321,1325,0.015675,0.015125,-0.000000000000590
1322,1326,0.041100,0.040150,-0.000000000000590
1323,1327,0.028975,0.028900,-0.000000000000590
1324,1328,0.010000,0.014250,-0.000000000000590
1325,1329,0.023975,0.023850,-0.000000000000590
1326,1330,0.016025,0.015925,-0.000000000000590
1327,1331,0.033425,0.033300,-0.000000000000590
1328,1332,0.018450,0.018275,-0.000000000000590
1329,1333,0.016125,0.016025,-0.000000000000590
1330,1334,0.016225,0.015750,-0.000000000000590
1331,1335,0.014600,0.014500,-0.000000000000590
1332,1336,0.030525,0.030400,-0.000000000000590
1333,1337,0.010000,0.030650,-0.000000000000590
1334,1338,0.014550,0.014450,-0.000000000000590
1335,1339,0.032825,0.032675,-0.000000000000590
1336,1340,0.046175,0.046050,-0.000000000000590
1337,1341,0.016350,0.016175,-0.000000000000590
1338,1342,0.035800,0.035700,-0.000000000000590
1339,1343,0.032375,0.032250,-0.000000000000590
1340,1344,0.020200,0.019825,-0.000000000000590
1341,1345,0.015425,0.015300,-0.000000000000590
1342,1346,0.023650,0.023475,-0.000000000000590
1343,1347,0.023875,0.023350,-0.000000000000590
1344,1348,0.017400,0.016475,-0.000000000000590
1345,1349,0.045100,0.044925,-0.000000000000590
1346,1350,0.042000,0.041875,-0.000000000000590
1347,1351,0.056725,0.056525,-0.000000000000590
1348,1352,0.046925,0.046775,-0.000000000000590
1349,1353,0.040100,0.039850,-0.000000000000590
1350,1354,0.043675,0.043600,-0.000000000000590
1351,1355,0.063425,0.063275,-0.000000000000590
1352,1357,0.010000,0.084550,-0.000000000000590
1353,1358,0.017675,0.017575,-0.000000000000590
1354,1359,0.016775,0.016650,-0.000000000000590
1355,1360,0.010000,0.013900,-0.000000000000590
1356,1361,0.097975,0.097925,-0.000000000000590
1357,1362,0.010000,0.029350,-0.000000000000590
1358,1363,0.044400,0.043450,-0.000000000000590
1359,1364,0.034425,0.034050,-0.000000000000590
1360,1365,0.035300,0.035125,-0.000000000000590
1361,1366,0.033625,0.033500,-0.000000000000590
1362,1367,0.020675,0.020525,-0.000000000000590
1363,1368,0.062650,0.062550,-0.000000000000590
1364,1369,0.026000,0.024950,-0.000000000000590
1365,1370,0.014575,0.014375,-0.000000000000590
